INTERSECTION_NAME,INTERSECTION_X,INTERSECTION_Y,GRAPH_NODE_COUNT,MAX_GRAPH_DEGREE,BRANCH_COUNT,DIRECTION_GROUP_COUNT,DETECTION_METHOD,MANUAL_EDIT,geometry_wkt
Intersection 1,482332.5057217923,7513905.584463102,35.0,5.0,63.0,6.0,CENTERLINE_GRAPH+MANUAL_MOVE,MOVE,"POLYGON ((116.828294 -22.481639, 116.828069 -22.48152, 116.827757 -22.481269, 116.82775 -22.481263, 116.827757 -22.481116, 116.82806 -22.480723, 116.828229 -22.480678, 116.828326 -22.480678, 116.828363 -22.480684, 116.828529 -22.480736, 116.828743 -22.481293, 116.828578 -22.481446, 116.828488 -22.481519, 116.828294 -22.481639))"
Intersection 5,515802.3061980885,7510277.213145348,15.0,4.0,53.0,6.0,CENTERLINE_GRAPH,,"POLYGON ((117.153679 -22.514429, 117.153268 -22.514204, 117.153268 -22.513987, 117.153318 -22.51359, 117.153512 -22.513445, 117.153532 -22.513445, 117.153741 -22.513476, 117.15394 -22.513553, 117.154038 -22.51414, 117.154038 -22.51423, 117.154004 -22.514307, 117.153955 -22.514352, 117.153727 -22.514429, 117.153679 -22.514429))"
Intersection 6,484502.93389950966,7513420.7150406595,43.0,4.0,47.0,6.0,CENTERLINE_GRAPH+MANUAL_MOVE,MOVE,"POLYGON ((116.849244 -22.48602, 116.848861 -22.485675, 116.848861 -22.485505, 116.848959 -22.48524, 116.849379 -22.485028, 116.849416 -22.485036, 116.849654 -22.485184, 116.849805 -22.485533, 116.849824 -22.485596, 116.849824 -22.485641, 116.849805 -22.48575, 116.849525 -22.486021, 116.849244 -22.48602))"
Intersection 8,484480.89855855587,7513316.308936643,9.0,4.0,46.0,6.0,CENTERLINE_GRAPH+MANUAL_MOVE,MOVE,"POLYGON ((116.848933 -22.486923, 116.848781 -22.486562, 116.848781 -22.486345, 116.848948 -22.486074, 116.849089 -22.486061, 116.849172 -22.486074, 116.849254 -22.486106, 116.849352 -22.486152, 116.849463 -22.48621, 116.849483 -22.486545, 116.849482 -22.486635, 116.849448 -22.486711, 116.849362 -22.486822, 116.84922 -22.486879, 116.849186 -22.486892, 116.849025 -22.486924, 116.848933 -22.486923))"
Intersection 9,486445.209882956,7513167.2490005065,5.0,3.0,43.0,6.0,CENTERLINE_GRAPH,,"POLYGON ((116.868078 -22.488205, 116.86801 -22.488181, 116.867768 -22.487645, 116.867768 -22.487599, 116.867804 -22.487491, 116.867884 -22.487491, 116.868322 -22.487582, 116.868467 -22.487627, 116.868696 -22.487749, 116.86871 -22.487763, 116.868632 -22.488057, 116.868516 -22.48816, 116.868127 -22.488205, 116.868078 -22.488205))"
Intersection 10,482561.35093732196,7513916.536479391,9.0,3.0,41.0,6.0,CENTERLINE_GRAPH,,"POLYGON ((116.83061 -22.48153, 116.830138 -22.481317, 116.830009 -22.481218, 116.829959 -22.48106, 116.829959 -22.480981, 116.829999 -22.480887, 116.830139 -22.480712, 116.830188 -22.480667, 116.83049 -22.480599, 116.830708 -22.480681, 116.83079 -22.480713, 116.830936 -22.480803, 116.830973 -22.480838, 116.830824 -22.481447, 116.830707 -22.48153, 116.83061 -22.48153))"
Intersection 11,512114.5270855131,7510632.705302477,18.0,3.0,40.0,6.0,CENTERLINE_GRAPH+MANUAL_MOVE,MOVE,"POLYGON ((117.117976 -22.511266, 117.117777 -22.5112, 117.117388 -22.511068, 117.117388 -22.511009, 117.117436 -22.510484, 117.117656 -22.510324, 117.11799 -22.510313, 117.117996 -22.510313, 117.118204 -22.510469, 117.118204 -22.510512, 117.118059 -22.511144, 117.118025 -22.511221, 117.117976 -22.511266))"
Intersection 12,513221.26630865433,7511164.079124474,19.0,4.0,36.0,6.0,CENTERLINE_GRAPH,,"POLYGON ((117.128633 -22.506321, 117.128244 -22.506186, 117.12815 -22.506011, 117.128064 -22.505793, 117.128145 -22.505608, 117.128147 -22.505608, 117.128924 -22.505742, 117.129007 -22.505774, 117.129056 -22.505819, 117.128997 -22.506004, 117.12891 -22.506185, 117.128682 -22.506321, 117.128633 -22.506321))"
Intersection 13,482585.4537683321,7514454.546909862,4.0,3.0,35.0,6.0,CENTERLINE_GRAPH,,"POLYGON ((116.830567 -22.476697, 116.83045 -22.476618, 116.830403 -22.475865, 116.830403 -22.475822, 116.830519 -22.475757, 116.830568 -22.475757, 116.830908 -22.475803, 116.830991 -22.475835, 116.831039 -22.47588, 116.831087 -22.476349, 116.831061 -22.476381, 116.830615 -22.476697, 116.830567 -22.476697))"
Intersection 14,513027.04371321463,7510701.546400121,7.0,3.0,35.0,6.0,CENTERLINE_GRAPH+MANUAL_MOVE,MOVE,"POLYGON ((117.126515 -22.510629, 117.126397 -22.510602, 117.126371 -22.51059, 117.126269 -22.509796, 117.126318 -22.509751, 117.126757 -22.509704, 117.126954 -22.509782, 117.127167 -22.51016, 117.127033 -22.510297, 117.126678 -22.510582, 117.126595 -22.510614, 117.126515 -22.510629))"
Intersection 17,515783.4643526287,7509833.88190635,6.0,3.0,31.0,6.0,CENTERLINE_GRAPH,,"POLYGON ((117.15378 -22.518359, 117.153148 -22.518134, 117.153057 -22.518089, 117.152956 -22.517907, 117.152999 -22.517809, 117.153345 -22.517556, 117.153439 -22.517555, 117.153491 -22.517567, 117.153799 -22.517684, 117.153897 -22.518251, 117.153897 -22.518296, 117.153867 -22.518359, 117.15378 -22.518359))"
Intersection 18,481665.21460943547,7511967.302269957,12.0,4.0,29.0,6.0,CENTERLINE_GRAPH,,"POLYGON ((116.821984 -22.499047, 116.821902 -22.499015, 116.821416 -22.498698, 116.821266 -22.498567, 116.821236 -22.498531, 116.821236 -22.498428, 116.821308 -22.498377, 116.821492 -22.498257, 116.8217 -22.498354, 116.821936 -22.498472, 116.82213 -22.498592, 116.822204 -22.498864, 116.822138 -22.498984, 116.822032 -22.499047, 116.821984 -22.499047))"
Intersection 19,481718.873348138,7512757.771829311,3.0,3.0,29.0,6.0,CENTERLINE_GRAPH,,"POLYGON ((116.822117 -22.49193, 116.821925 -22.491846, 116.821925 -22.491756, 116.821945 -22.491512, 116.822169 -22.491084, 116.822181 -22.491076, 116.822402 -22.491084, 116.822525 -22.491208, 116.822629 -22.491402, 116.822645 -22.491621, 116.822645 -22.491667, 116.822117 -22.49193))"
Intersection 21,484283.8858378789,7517927.221849109,24.0,4.0,27.0,6.0,CENTERLINE_GRAPH,,"POLYGON ((116.847253 -22.445192, 116.846874 -22.444981, 116.846897 -22.444654, 116.846912 -22.444492, 116.846917 -22.444489, 116.84706 -22.444415, 116.847094 -22.444412, 116.847293 -22.444416, 116.847702 -22.444923, 116.847702 -22.44514, 116.847564 -22.445185, 116.847486 -22.445192, 116.847253 -22.445192))"
Intersection 22,482007.31796636037,7511505.496375227,3.0,3.0,27.0,6.0,CENTERLINE_GRAPH,,"POLYGON ((116.82473 -22.503167, 116.82473 -22.503097, 116.824765 -22.502632, 116.82478 -22.502555, 116.824828 -22.502397, 116.825062 -22.502397, 116.825547 -22.502917, 116.825547 -22.50295, 116.825353 -22.503098, 116.824964 -22.503167, 116.82473 -22.503167))"
Intersection 25,483139.901337625,7512984.1163845,2.0,3.0,26.0,6.0,CENTERLINE_GRAPH,,"POLYGON ((116.835946 -22.489756, 116.83583 -22.489693, 116.835658 -22.489575, 116.835658 -22.489359, 116.835801 -22.489314, 116.836336 -22.489224, 116.836519 -22.489224, 116.836519 -22.489441, 116.836283 -22.4897, 116.835995 -22.489757, 116.835946 -22.489756))"
Intersection 26,514989.83133459464,7510125.3890703935,2.0,3.0,26.0,6.0,CENTERLINE_GRAPH,,"POLYGON ((117.145493 -22.515728, 117.145429 -22.515128, 117.145452 -22.514943, 117.145511 -22.514943, 117.146046 -22.515078, 117.146175 -22.515123, 117.146178 -22.515155, 117.146175 -22.51534, 117.145726 -22.515728, 117.145493 -22.515728))"
Intersection 27,511970.14696034824,7510562.20385238,4.0,3.0,26.0,6.0,CENTERLINE_GRAPH+MANUAL_MOVE,MOVE,"POLYGON ((117.116265 -22.511818, 117.116076 -22.511733, 117.115902 -22.511539, 117.116007 -22.511345, 117.116524 -22.510955, 117.116698 -22.511055, 117.116819 -22.511217, 117.11682 -22.511434, 117.116265 -22.511818))"
Intersection 29,481635.76626540825,7512626.665971168,2.0,3.0,25.0,6.0,CENTERLINE_GRAPH,,"POLYGON ((116.82136 -22.493174, 116.821243 -22.493124, 116.821181 -22.49251, 116.821256 -22.492325, 116.821263 -22.492325, 116.821691 -22.492335, 116.821856 -22.492488, 116.821622 -22.49293, 116.821539 -22.493052, 116.821476 -22.493124, 116.821408 -22.493174, 116.82136 -22.493174))"
Intersection 30,483777.6994087009,7513350.794396463,8.0,3.0,25.0,6.0,CENTERLINE_GRAPH+MANUAL_MOVE,MOVE,"POLYGON ((116.842283 -22.486678, 116.842104 -22.486583, 116.842104 -22.486537, 116.842107 -22.485797, 116.842375 -22.485785, 116.842581 -22.48586, 116.842583 -22.485882, 116.842581 -22.485906, 116.8424 -22.486461, 116.842352 -22.486569, 116.842303 -22.486659, 116.842283 -22.486678))"
Intersection 31,485451.7294073892,7512888.02259471,3.0,3.0,25.0,6.0,CENTERLINE_GRAPH,,"POLYGON ((116.858556 -22.490712, 116.858347 -22.490615, 116.858128 -22.490455, 116.858128 -22.490238, 116.858871 -22.490032, 116.858975 -22.490226, 116.858923 -22.490451, 116.858758 -22.490605, 116.858556 -22.490712))"
Intersection 32,481957.33879610326,7512428.941664357,3.0,4.0,24.0,6.0,CENTERLINE_GRAPH+MANUAL_MOVE,MOVE,"POLYGON ((116.824546 -22.494835, 116.824136 -22.494622, 116.824044 -22.494542, 116.824067 -22.49448, 116.824137 -22.494406, 116.824729 -22.494063, 116.824759 -22.494047, 116.824926 -22.494153, 116.824979 -22.494544, 116.824905 -22.494749, 116.82478 -22.494835, 116.824546 -22.494835))"
Intersection 33,484242.4453555124,7517707.461303672,23.0,4.0,24.0,6.0,CENTERLINE_GRAPH,,"POLYGON ((116.846862 -22.447192, 116.846477 -22.446946, 116.846362 -22.446733, 116.846328 -22.446656, 116.846328 -22.446611, 116.846364 -22.446573, 116.846393 -22.446559, 116.847111 -22.446517, 116.847208 -22.446535, 116.84729 -22.446612, 116.8473 -22.446861, 116.847095 -22.447192, 116.846862 -22.447192))"
Intersection 44,481935.98495372466,7513805.110061753,26.0,5.0,64.0,5.0,CENTERLINE_GRAPH+MANUAL_MOVE,MOVE,"POLYGON ((116.824469 -22.482531, 116.82427 -22.482485, 116.823872 -22.482101, 116.823903 -22.481976, 116.82423 -22.481628, 116.824437 -22.481578, 116.82449 -22.481578, 116.824647 -22.481654, 116.824762 -22.48179, 116.824796 -22.481867, 116.824832 -22.481999, 116.824844 -22.482048, 116.824844 -22.482138, 116.82481 -22.482247, 116.82468 -22.48239, 116.824601 -22.482445, 116.824469 -22.482531))"
Intersection 47,482070.2949236194,7515163.463103045,18.0,4.0,48.0,5.0,CENTERLINE_GRAPH+MANUAL_MOVE,MOVE,"POLYGON ((116.825861 -22.470052, 116.825457 -22.47002, 116.825341 -22.469974, 116.825326 -22.469961, 116.82521 -22.469852, 116.82521 -22.469672, 116.825244 -22.469595, 116.825293 -22.46955, 116.825375 -22.469518, 116.826007 -22.469519, 116.82612 -22.469582, 116.826225 -22.469647, 116.826138 -22.470052, 116.825861 -22.470052))"
Intersection 48,482474.9414328228,7514811.5839959355,17.0,4.0,47.0,5.0,CENTERLINE_GRAPH+MANUAL_MOVE,MOVE,"POLYGON ((116.829842 -22.473399, 116.829419 -22.473231, 116.829322 -22.473186, 116.829307 -22.473172, 116.829177 -22.47305, 116.829094 -22.472928, 116.829094 -22.472883, 116.829435 -22.472554, 116.829503 -22.472504, 116.829551 -22.472504, 116.829668 -22.472555, 116.830076 -22.472821, 116.830141 -22.473016, 116.830153 -22.47311, 116.830153 -22.473122, 116.82993 -22.473368, 116.829883 -22.473399, 116.829842 -22.473399))"
Intersection 55,482658.87862245797,7514159.012345315,7.0,5.0,42.0,5.0,CENTERLINE_GRAPH,,"POLYGON ((116.831415 -22.479339, 116.831259 -22.479286, 116.831091 -22.479167, 116.830982 -22.479016, 116.830982 -22.478983, 116.831001 -22.478875, 116.831128 -22.478622, 116.831196 -22.478513, 116.831765 -22.4785, 116.831841 -22.478514, 116.831941 -22.478603, 116.831867 -22.478809, 116.831424 -22.479331, 116.831415 -22.479339))"
Intersection 57,482963.6179622454,7515748.0474279905,7.0,4.0,42.0,5.0,CENTERLINE_GRAPH,,"POLYGON ((116.834615 -22.464866, 116.834047 -22.464834, 116.833949 -22.464744, 116.833912 -22.464709, 116.833928 -22.464618, 116.833976 -22.464528, 116.834373 -22.463972, 116.834422 -22.463972, 116.834538 -22.464075, 116.834834 -22.464424, 116.834833 -22.464641, 116.83478 -22.464804, 116.834664 -22.464866, 116.834615 -22.464866))"
Intersection 58,482905.59907875117,7512782.155613905,14.0,4.0,41.0,5.0,CENTERLINE_GRAPH+MANUAL_MOVE,MOVE,"POLYGON ((116.833855 -22.491787, 116.833432 -22.491439, 116.833334 -22.491348, 116.833289 -22.491306, 116.833347 -22.491185, 116.833709 -22.490847, 116.833758 -22.490847, 116.834046 -22.490949, 116.834277 -22.491331, 116.834224 -22.491516, 116.833855 -22.491787))"
Intersection 59,482192.02488872956,7515456.180601001,95.0,6.0,40.0,5.0,CENTERLINE_GRAPH,,"POLYGON ((116.826753 -22.467627, 116.826705 -22.467582, 116.826447 -22.467204, 116.826434 -22.467178, 116.826411 -22.467112, 116.826511 -22.466886, 116.826549 -22.466817, 116.82684 -22.466668, 116.826983 -22.466674, 116.827149 -22.466768, 116.827386 -22.467081, 116.827405 -22.467266, 116.827385 -22.467298, 116.827241 -22.467442, 116.826839 -22.467602, 116.826753 -22.467627))"
Intersection 67,486492.0896497947,7513131.958028948,4.0,3.0,36.0,5.0,CENTERLINE_GRAPH,,"POLYGON ((116.868612 -22.488567, 116.868467 -22.488522, 116.868403 -22.488476, 116.86835 -22.488413, 116.86835 -22.488368, 116.868399 -22.488052, 116.868434 -22.487943, 116.868662 -22.487763, 116.86871 -22.487763, 116.868793 -22.487795, 116.86889 -22.48784, 116.868987 -22.48793, 116.869021 -22.488007, 116.869021 -22.488188, 116.869002 -22.488251, 116.868875 -22.488413, 116.868758 -22.488522, 116.868744 -22.488535, 116.868661 -22.488567, 116.868612 -22.488567))"
Intersection 70,482044.3262025064,7513525.737732688,11.0,4.0,35.0,5.0,CENTERLINE_GRAPH+MANUAL_MOVE,MOVE,"POLYGON ((116.825068 -22.4849, 116.825057 -22.484897, 116.824927 -22.484732, 116.82539 -22.484205, 116.825585 -22.484095, 116.825765 -22.484262, 116.825779 -22.484276, 116.825814 -22.484353, 116.825813 -22.484754, 116.825767 -22.484847, 116.82573 -22.484881, 116.825068 -22.4849))"
Intersection 75,481606.5404751492,7512467.457933644,43.0,5.0,33.0,5.0,CENTERLINE_GRAPH+MANUAL_MOVE,MOVE,"POLYGON ((116.821163 -22.494619, 116.820872 -22.494528, 116.820789 -22.494497, 116.820741 -22.494451, 116.820775 -22.49397, 116.820805 -22.493833, 116.820821 -22.493758, 116.820936 -22.493711, 116.821019 -22.493679, 116.821225 -22.49364, 116.821478 -22.49375, 116.82167 -22.494016, 116.821669 -22.494238, 116.821377 -22.494515, 116.82126 -22.494619, 116.821163 -22.494619))"
Intersection 76,512239.62198393693,7510756.289066494,33.0,4.0,33.0,5.0,CENTERLINE_GRAPH,,"POLYGON ((117.119142 -22.510045, 117.118943 -22.510011, 117.118554 -22.50984, 117.118539 -22.509775, 117.118602 -22.50959, 117.118748 -22.50923, 117.118981 -22.509229, 117.119466 -22.509499, 117.119466 -22.509716, 117.119419 -22.509833, 117.119142 -22.510045))"
Intersection 77,482372.5525826161,7513204.501719364,5.0,3.0,33.0,5.0,CENTERLINE_GRAPH+MANUAL_MOVE,MOVE,"POLYGON ((116.828755 -22.487942, 116.828672 -22.48791, 116.828202 -22.487625, 116.828203 -22.487409, 116.828516 -22.487104, 116.828707 -22.487048, 116.828888 -22.487048, 116.82897 -22.487136, 116.828969 -22.487156, 116.82892 -22.487867, 116.828803 -22.487942, 116.828755 -22.487942))"
Intersection 78,483903.7878777059,7513539.422944705,13.0,3.0,33.0,5.0,CENTERLINE_GRAPH+MANUAL_MOVE,MOVE,"POLYGON ((116.843586 -22.484933, 116.843224 -22.484853, 116.843224 -22.484777, 116.843273 -22.484087, 116.84373 -22.484037, 116.843759 -22.484037, 116.843847 -22.484145, 116.843847 -22.48419, 116.843751 -22.48478, 116.843586 -22.484933))"
Intersection 79,515365.8920554874,7509864.514107892,2.0,3.0,33.0,5.0,CENTERLINE_GRAPH,,"POLYGON ((117.149599 -22.518092, 117.14921 -22.517957, 117.149112 -22.517912, 117.148996 -22.517804, 117.148995 -22.517758, 117.149206 -22.517367, 117.149306 -22.517198, 117.149355 -22.517198, 117.149437 -22.51723, 117.149534 -22.517275, 117.149583 -22.51732, 117.149715 -22.517532, 117.149764 -22.517938, 117.149647 -22.518092, 117.149599 -22.518092))"
Intersection 80,515303.75495248206,7509892.060184817,3.0,3.0,33.0,5.0,CENTERLINE_GRAPH,,"POLYGON ((117.148869 -22.517822, 117.148592 -22.5177, 117.148397 -22.51761, 117.148373 -22.517596, 117.148349 -22.517565, 117.148372 -22.51738, 117.14864 -22.517185, 117.148771 -22.517108, 117.14916 -22.517108, 117.149243 -22.517139, 117.149285 -22.517179, 117.148986 -22.517713, 117.148888 -22.517822, 117.148869 -22.517822))"
Intersection 81,512624.9387131268,7510883.739110373,9.0,7.0,32.0,5.0,CENTERLINE_GRAPH+MANUAL_MOVE,MOVE,"POLYGON ((117.123142 -22.508719, 117.122437 -22.508641, 117.122251 -22.508511, 117.122241 -22.508474, 117.122357 -22.508277, 117.122503 -22.508247, 117.122899 -22.508277, 117.122981 -22.508308, 117.122996 -22.508322, 117.123307 -22.508611, 117.123307 -22.50863, 117.123191 -22.508719, 117.123142 -22.508719))"
Intersection 83,504384.89237799693,7510277.281050808,2.0,4.0,32.0,5.0,CENTERLINE_GRAPH+MANUAL_MOVE,MOVE,"POLYGON ((117.042371 -22.514407, 117.042326 -22.513666, 117.042326 -22.513585, 117.042559 -22.513585, 117.043033 -22.513964, 117.043094 -22.514072, 117.043094 -22.514118, 117.043033 -22.514181, 117.042977 -22.514226, 117.042491 -22.514407, 117.042371 -22.514407))"
Intersection 86,482779.65744451183,7513897.455069119,20.0,4.0,31.0,5.0,CENTERLINE_GRAPH+MANUAL_MOVE,MOVE,"POLYGON ((116.832871 -22.481602, 116.832277 -22.481364, 116.832083 -22.481229, 116.832065 -22.481212, 116.832097 -22.481152, 116.832166 -22.481044, 116.832618 -22.48085, 116.832817 -22.480914, 116.833059 -22.481469, 116.833059 -22.481472, 116.832944 -22.481578, 116.832871 -22.481602))"
Intersection 87,482544.53286316985,7514345.160763467,3.0,4.0,31.0,5.0,CENTERLINE_GRAPH,,"POLYGON ((116.83004 -22.477546, 116.829875 -22.477393, 116.829983 -22.477202, 116.83029 -22.476828, 116.830304 -22.476814, 116.830421 -22.476706, 116.83044 -22.476706, 116.830538 -22.476814, 116.830664 -22.476977, 116.830663 -22.477194, 116.830585 -22.477401, 116.83004 -22.477546))"
Intersection 89,482422.96364689013,7514212.334173,3.0,3.0,31.0,5.0,CENTERLINE_GRAPH+MANUAL_MOVE,MOVE,"POLYGON ((116.829088 -22.478919, 116.829057 -22.478908, 116.828941 -22.4788, 116.828815 -22.478276, 116.828815 -22.478059, 116.829132 -22.477947, 116.829447 -22.478105, 116.829559 -22.478262, 116.82914 -22.478877, 116.829106 -22.478909, 116.829088 -22.478919))"
Intersection 90,512412.2761309458,7510759.375703549,25.0,3.0,31.0,5.0,CENTERLINE_GRAPH+MANUAL_MOVE,MOVE,"POLYGON ((117.120649 -22.51009, 117.12045 -22.510019, 117.120232 -22.50967, 117.120231 -22.509453, 117.120546 -22.509245, 117.120716 -22.509141, 117.121085 -22.509407, 117.121165 -22.509489, 117.121209 -22.509652, 117.120649 -22.51009))"
Intersection 91,481899.8145411908,7511885.598282047,5.0,3.0,30.0,5.0,CENTERLINE_GRAPH,,"POLYGON ((116.824248 -22.499835, 116.824178 -22.499823, 116.824027 -22.499766, 116.823602 -22.499423, 116.823554 -22.499378, 116.823595 -22.499193, 116.824138 -22.498999, 116.824337 -22.499051, 116.824343 -22.49967, 116.824248 -22.499835))"
Intersection 93,481774.440423293,7511904.645867453,6.0,4.0,29.0,5.0,CENTERLINE_GRAPH,,"POLYGON ((116.822581 -22.499603, 116.822436 -22.499512, 116.822339 -22.499422, 116.822414 -22.499237, 116.822888 -22.498886, 116.823088 -22.498818, 116.823282 -22.498953, 116.823287 -22.498958, 116.823199 -22.499138, 116.822795 -22.499513, 116.822679 -22.499603, 116.822581 -22.499603))"
Intersection 94,482114.15464714554,7514090.434099041,4.0,4.0,29.0,5.0,CENTERLINE_GRAPH,,"POLYGON ((116.825931 -22.479822, 116.825732 -22.479774, 116.825687 -22.4797, 116.826156 -22.479037, 116.82619 -22.479005, 116.826202 -22.478993, 116.826238 -22.479005, 116.826355 -22.479113, 116.826515 -22.479461, 116.826305 -22.479746, 116.825931 -22.479822))"
Intersection 96,515874.21271764894,7509614.515918531,34.0,4.0,28.0,5.0,CENTERLINE_GRAPH+MANUAL_MOVE,MOVE,"POLYGON ((117.154152 -22.520148, 117.153998 -22.520143, 117.153908 -22.520053, 117.153908 -22.520012, 117.154054 -22.519786, 117.154495 -22.519669, 117.154721 -22.519722, 117.15479 -22.519949, 117.154712 -22.520039, 117.154385 -22.520147, 117.154152 -22.520148))"
Intersection 98,482116.461914297,7513831.48220663,3.0,3.0,28.0,5.0,CENTERLINE_GRAPH,,"POLYGON ((116.825923 -22.482131, 116.825737 -22.481604, 116.825846 -22.481444, 116.82593 -22.481427, 116.826151 -22.481496, 116.82656 -22.481792, 116.826575 -22.481806, 116.826691 -22.481914, 116.826691 -22.481934, 116.826575 -22.482023, 116.826157 -22.482131, 116.825923 -22.482131))"
Intersection 99,482289.57353613107,7513970.84480062,3.0,3.0,28.0,5.0,CENTERLINE_GRAPH,,"POLYGON ((116.828027 -22.48088, 116.8275 -22.480804, 116.827383 -22.480785, 116.827383 -22.480695, 116.827466 -22.480574, 116.827807 -22.480122, 116.827872 -22.480062, 116.828037 -22.480215, 116.828245 -22.480806, 116.828245 -22.480807, 116.828027 -22.48088))"
Intersection 100,482322.37171585654,7514398.009940481,3.0,3.0,28.0,5.0,CENTERLINE_GRAPH,,"POLYGON ((116.827878 -22.477069, 116.827679 -22.476993, 116.827679 -22.476992, 116.827714 -22.476915, 116.827811 -22.47678, 116.828152 -22.476328, 116.8282 -22.476283, 116.828223 -22.476262, 116.82856 -22.47651, 116.828602 -22.476549, 116.828594 -22.476631, 116.828387 -22.476854, 116.828178 -22.47695, 116.827878 -22.477069))"
Intersection 102,482752.4374855546,7513126.03777897,2.0,3.0,28.0,5.0,CENTERLINE_GRAPH,,"POLYGON ((116.832448 -22.488624, 116.831831 -22.488275, 116.831808 -22.488254, 116.831914 -22.48809, 116.832464 -22.487761, 116.832663 -22.487803, 116.832663 -22.487838, 116.832613 -22.488528, 116.832497 -22.488624, 116.832448 -22.488624))"
Intersection 103,482788.312267334,7513230.968225476,2.0,3.0,28.0,5.0,CENTERLINE_GRAPH,,"POLYGON ((116.832752 -22.48771, 116.832587 -22.487557, 116.832198 -22.487079, 116.832304 -22.486916, 116.832353 -22.486916, 116.832974 -22.487017, 116.833139 -22.487171, 116.832823 -22.487644, 116.832752 -22.48771))"
Intersection 104,482832.5875727499,7513694.285937887,3.0,3.0,28.0,5.0,CENTERLINE_GRAPH,,"POLYGON ((116.832676 -22.483339, 116.832677 -22.483122, 116.833068 -22.482741, 116.833267 -22.482703, 116.833529 -22.482942, 116.833529 -22.483159, 116.833106 -22.483321, 116.832989 -22.483339, 116.832676 -22.483339))"
Intersection 105,486801.4626031961,7513130.491820464,2.0,3.0,28.0,5.0,CENTERLINE_GRAPH,,"POLYGON ((116.871369 -22.488434, 116.871312 -22.48796, 116.871432 -22.48781, 116.871477 -22.487807, 116.871709 -22.487933, 116.872146 -22.488204, 116.872195 -22.488249, 116.872126 -22.488434, 116.871369 -22.488434))"
Intersection 106,515084.82366891555,7510091.704269336,2.0,3.0,28.0,5.0,CENTERLINE_GRAPH,,"POLYGON ((117.146599 -22.516091, 117.146417 -22.515999, 117.14634 -22.515386, 117.146435 -22.515213, 117.146484 -22.515213, 117.147105 -22.515438, 117.147105 -22.515655, 117.146599 -22.516091))"
Intersection 107,481679.7404124397,7512476.732282437,13.0,3.0,27.0,5.0,CENTERLINE_GRAPH+MANUAL_MOVE,MOVE,"POLYGON ((116.822184 -22.494349, 116.822039 -22.494304, 116.821396 -22.494077, 116.821396 -22.49386, 116.821991 -22.493816, 116.822127 -22.493816, 116.822253 -22.493936, 116.822295 -22.494095, 116.822301 -22.494196, 116.822301 -22.494241, 116.822207 -22.494349, 116.822184 -22.494349))"
Intersection 108,483535.20312578726,7513054.835808609,3.0,3.0,27.0,5.0,CENTERLINE_GRAPH,,"POLYGON ((116.840225 -22.489128, 116.839918 -22.489096, 116.839719 -22.489065, 116.839466 -22.488947, 116.839414 -22.488762, 116.839462 -22.488717, 116.839545 -22.488685, 116.839801 -22.488624, 116.840274 -22.48855, 116.840313 -22.48855, 116.840356 -22.488735, 116.840264 -22.489128, 116.840225 -22.489128))"
Intersection 109,499994.08159194223,7510947.463352637,4.0,4.0,26.0,5.0,CENTERLINE_GRAPH+MANUAL_MOVE,MOVE,"POLYGON ((117.000202 -22.5083, 116.99976 -22.508126, 116.99956 -22.508015, 116.999467 -22.507819, 116.999562 -22.507646, 116.999611 -22.507646, 117.00034 -22.507872, 117.000423 -22.507904, 117.000455 -22.507934, 117.000354 -22.508081, 117.000202 -22.5083))"
Intersection 113,515302.9656242737,7510028.735482367,1.0,3.0,26.0,5.0,CENTERLINE_GRAPH,,"POLYGON ((117.149111 -22.516557, 117.148965 -22.516512, 117.148445 -22.5163, 117.148347 -22.516255, 117.148299 -22.51621, 117.148358 -22.516024, 117.148916 -22.515843, 117.148964 -22.515843, 117.14908 -22.515998, 117.149193 -22.516372, 117.149162 -22.516557, 117.149111 -22.516557))"
Intersection 114,514484.57709441095,7510173.084057072,3.0,4.0,25.0,5.0,CENTERLINE_GRAPH+MANUAL_MOVE,MOVE,"POLYGON ((117.140728 -22.515146, 117.140398 -22.514893, 117.140387 -22.51483, 117.140387 -22.514785, 117.140398 -22.514676, 117.140504 -22.514676, 117.141264 -22.514721, 117.141264 -22.514938, 117.141196 -22.51506, 117.141153 -22.515079, 117.140979 -22.515141, 117.140961 -22.515146, 117.140728 -22.515146))"
Intersection 115,512731.7542607995,7510759.222414452,1.0,4.0,25.0,5.0,CENTERLINE_GRAPH,,"POLYGON ((117.123707 -22.510008, 117.12334 -22.509758, 117.12334 -22.509541, 117.123706 -22.5092, 117.12394 -22.5092, 117.124212 -22.509495, 117.124246 -22.50968, 117.12394 -22.510008, 117.123707 -22.510008))"
Intersection 116,481873.3538420078,7511078.029011885,2.0,3.0,25.0,5.0,CENTERLINE_GRAPH,,"POLYGON ((116.823967 -22.507089, 116.823262 -22.506772, 116.823263 -22.506555, 116.823934 -22.506317, 116.824133 -22.506384, 116.824133 -22.506394, 116.824084 -22.506981, 116.823974 -22.507089, 116.823967 -22.507089))"
Intersection 120,481536.0595138156,7512710.769976392,2.0,3.0,23.0,5.0,CENTERLINE_GRAPH,,"POLYGON ((116.82068 -22.49227, 116.820277 -22.492238, 116.820078 -22.492205, 116.820078 -22.492161, 116.820112 -22.492084, 116.820502 -22.491452, 116.820535 -22.491421, 116.820701 -22.491529, 116.820816 -22.492089, 116.820729 -22.49227, 116.82068 -22.49227))"
Intersection 129,483499.1121748822,7513353.512808045,1.0,3.0,21.0,5.0,CENTERLINE_GRAPH,,"POLYGON ((116.839936 -22.486373, 116.839693 -22.486327, 116.839495 -22.48627, 116.839402 -22.486237, 116.839319 -22.486205, 116.839205 -22.486101, 116.839139 -22.486038, 116.83914 -22.485992, 116.839205 -22.485884, 116.839256 -22.485884, 116.840022 -22.486156, 116.840022 -22.486373, 116.839936 -22.486373))"
Intersection 131,482553.34681585425,7511696.097126011,9.0,4.0,20.0,5.0,CENTERLINE_GRAPH+MANUAL_MOVE,MOVE,"POLYGON ((116.830391 -22.501269, 116.829979 -22.501223, 116.829847 -22.500982, 116.82985 -22.500976, 116.83078 -22.500962, 116.8308 -22.500962, 116.830863 -22.501147, 116.830814 -22.501193, 116.830731 -22.501224, 116.830586 -22.501269, 116.830391 -22.501269))"
Intersection 150,485608.5137512904,7513364.1239284985,25.0,3.0,56.0,4.0,CENTERLINE_GRAPH+MANUAL_MOVE,MOVE,"POLYGON ((116.859719 -22.486346, 116.859603 -22.486237, 116.859603 -22.486057, 116.859652 -22.485921, 116.859697 -22.485813, 116.860352 -22.485768, 116.860449 -22.485768, 116.860532 -22.4858, 116.86058 -22.485845, 116.8605 -22.486347, 116.859719 -22.486346))"
Intersection 155,483881.99070901034,7513146.504544761,8.0,3.0,45.0,4.0,CENTERLINE_GRAPH+MANUAL_MOVE,MOVE,"POLYGON ((116.843302 -22.488512, 116.843254 -22.488467, 116.84306 -22.488196, 116.843026 -22.488119, 116.843012 -22.48788, 116.843012 -22.487817, 116.843026 -22.487758, 116.84306 -22.487681, 116.843158 -22.487591, 116.84324 -22.487559, 116.843289 -22.487559, 116.843371 -22.487591, 116.843386 -22.487605, 116.843551 -22.487758, 116.843599 -22.487984, 116.843599 -22.48812, 116.843502 -22.488442, 116.843302 -22.488512))"
Intersection 156,502230.6877760291,7510238.9342746865,16.0,3.0,40.0,4.0,CENTERLINE_GRAPH+MANUAL_MOVE,MOVE,"POLYGON ((117.021698 -22.514831, 117.021274 -22.514547, 117.021274 -22.51433, 117.021275 -22.514087, 117.021359 -22.514014, 117.021489 -22.513968, 117.021829 -22.513923, 117.021946 -22.513923, 117.022107 -22.51442, 117.022108 -22.514637, 117.021897 -22.51477, 117.021698 -22.514831))"
Intersection 158,483436.76858913817,7513313.882150845,13.0,3.0,39.0,4.0,CENTERLINE_GRAPH,,"POLYGON ((116.838963 -22.486914, 116.838608 -22.486733, 116.838608 -22.486516, 116.838799 -22.486026, 116.838998 -22.486006, 116.839033 -22.486027, 116.839428 -22.486587, 116.839275 -22.486802, 116.839192 -22.486882, 116.839175 -22.486898, 116.839148 -22.486914, 116.838963 -22.486914))"
Intersection 161,482076.90931523906,7513436.488207246,9.0,4.0,38.0,4.0,CENTERLINE_GRAPH+MANUAL_MOVE,MOVE,"POLYGON ((116.825362 -22.48568, 116.825359 -22.485274, 116.825359 -22.485057, 116.825599 -22.485057, 116.825939 -22.485102, 116.826133 -22.485148, 116.826216 -22.48518, 116.826251 -22.485212, 116.826152 -22.485572, 116.826115 -22.485681, 116.825362 -22.48568))"
Intersection 164,484217.90755532286,7513382.813291478,3.0,4.0,37.0,4.0,CENTERLINE_GRAPH,,"POLYGON ((116.84679 -22.486199, 116.846143 -22.486108, 116.846125 -22.485923, 116.846287 -22.485575, 116.846791 -22.48553, 116.846808 -22.48553, 116.847002 -22.485982, 116.847001 -22.486199, 116.84679 -22.486199))"
Intersection 166,484984.5219622449,7513054.888733486,3.0,3.0,37.0,4.0,CENTERLINE_GRAPH,,"POLYGON ((116.854058 -22.489233, 116.853738 -22.489186, 116.853621 -22.489092, 116.853607 -22.488883, 116.854011 -22.488434, 116.85421 -22.488369, 116.854215 -22.488374, 116.854341 -22.488491, 116.854341 -22.488807, 116.854292 -22.489234, 116.854058 -22.489233))"
Intersection 167,486590.61137775605,7513250.525388581,5.0,3.0,37.0,4.0,CENTERLINE_GRAPH,,"POLYGON ((116.869679 -22.487571, 116.869488 -22.487393, 116.869406 -22.487271, 116.869372 -22.487194, 116.869258 -22.486862, 116.869275 -22.486788, 116.869343 -22.486679, 116.869392 -22.486679, 116.869781 -22.48686, 116.870009 -22.486983, 116.870057 -22.487028, 116.870022 -22.487213, 116.869844 -22.487417, 116.869679 -22.487571))"
Intersection 168,483822.4237602415,7513101.426301575,8.0,3.0,36.0,4.0,CENTERLINE_GRAPH+MANUAL_MOVE,MOVE,"POLYGON ((116.842753 -22.48886, 116.842588 -22.488706, 116.842401 -22.488222, 116.842328 -22.488016, 116.842474 -22.487971, 116.842627 -22.488017, 116.843161 -22.488526, 116.843161 -22.488571, 116.843062 -22.488679, 116.842918 -22.488783, 116.842801 -22.48886, 116.842753 -22.48886))"
Intersection 173,512547.9468216773,7511697.667135294,4.0,3.0,34.0,4.0,CENTERLINE_GRAPH,,"POLYGON ((117.122081 -22.501506, 117.121677 -22.501448, 117.121609 -22.500843, 117.121609 -22.500797, 117.121797 -22.500711, 117.122129 -22.500856, 117.122441 -22.501005, 117.122441 -22.501221, 117.12228 -22.501469, 117.122081 -22.501506))"
Intersection 174,481437.1476039878,7514774.993066479,3.0,3.0,33.0,4.0,CENTERLINE_GRAPH,,"POLYGON ((116.819275 -22.473665, 116.819227 -22.473053, 116.819227 -22.473008, 116.81926 -22.472899, 116.819344 -22.472899, 116.819879 -22.473081, 116.820003 -22.473126, 116.82001 -22.473158, 116.820003 -22.473343, 116.819509 -22.473665, 116.819275 -22.473665))"
Intersection 175,480004.22212749236,7514839.508212241,4.0,3.0,33.0,4.0,CENTERLINE_GRAPH,,"POLYGON ((116.805465 -22.47312, 116.805458 -22.473113, 116.805424 -22.473037, 116.805265 -22.472436, 116.805301 -22.472251, 116.805348 -22.472251, 116.80543 -22.472283, 116.805527 -22.472328, 116.806062 -22.472599, 116.80611 -22.472645, 116.806043 -22.47283, 116.805658 -22.473037, 116.805465 -22.47312))"
Intersection 176,484358.92715928087,7518326.763764206,2.0,3.0,33.0,4.0,CENTERLINE_GRAPH,,"POLYGON ((116.847549 -22.441536, 116.847549 -22.441418, 116.847938 -22.440831, 116.848128 -22.440746, 116.848137 -22.440754, 116.84838 -22.441297, 116.848414 -22.441373, 116.848414 -22.44144, 116.847782 -22.441536, 116.847549 -22.441536))"
Intersection 178,483034.98727455636,7512984.830628638,2.0,4.0,32.0,4.0,CENTERLINE_GRAPH,,"POLYGON ((116.8347 -22.489755, 116.834615 -22.489647, 116.834615 -22.489602, 116.834656 -22.489413, 116.83478 -22.489267, 116.834956 -22.48915, 116.835189 -22.48915, 116.835557 -22.489404, 116.835557 -22.489621, 116.835259 -22.489696, 116.834731 -22.489755, 116.8347 -22.489755))"
Intersection 180,482561.42778276495,7513733.0336993635,5.0,3.0,32.0,4.0,CENTERLINE_GRAPH,,"POLYGON ((116.830851 -22.483021, 116.830027 -22.482884, 116.829957 -22.482821, 116.829957 -22.482776, 116.830027 -22.482668, 116.830399 -22.482338, 116.830706 -22.482397, 116.830933 -22.482836, 116.830858 -22.483021, 116.830851 -22.483021))"
Intersection 181,484107.48167112475,7517193.401239985,3.0,3.0,32.0,4.0,CENTERLINE_GRAPH,,"POLYGON ((116.84571 -22.451868, 116.845266 -22.451739, 116.845108 -22.451624, 116.845101 -22.451585, 116.845546 -22.451016, 116.845711 -22.450974, 116.84576 -22.450974, 116.845779 -22.451016, 116.845793 -22.451159, 116.845827 -22.451715, 116.845827 -22.45176, 116.845715 -22.451868, 116.84571 -22.451868))"
Intersection 182,491288.2687207005,7512573.872488097,4.0,3.0,32.0,4.0,CENTERLINE_GRAPH,,"POLYGON ((116.915116 -22.493612, 116.915013 -22.493025, 116.915011 -22.492961, 116.915011 -22.492916, 116.915013 -22.492808, 116.915128 -22.492808, 116.915274 -22.492853, 116.915405 -22.49293, 116.915516 -22.493034, 116.91555 -22.493129, 116.91566 -22.493439, 116.915565 -22.493612, 116.915116 -22.493612))"
Intersection 183,515939.1571469799,7509783.305407171,4.0,3.0,32.0,4.0,CENTERLINE_GRAPH,,"POLYGON ((117.155093 -22.51881, 117.154587 -22.518629, 117.154586 -22.518413, 117.154879 -22.518024, 117.1551 -22.51802, 117.155112 -22.518024, 117.155336 -22.518096, 117.155355 -22.518204, 117.155355 -22.518249, 117.155246 -22.518645, 117.155142 -22.51881, 117.155093 -22.51881))"
Intersection 184,515915.0748664475,7510247.029777404,4.0,3.0,32.0,4.0,CENTERLINE_GRAPH,,"POLYGON ((117.154826 -22.514578, 117.154529 -22.514451, 117.15434 -22.514366, 117.15434 -22.51423, 117.154436 -22.513872, 117.15467 -22.513872, 117.154894 -22.513898, 117.155036 -22.513952, 117.155088 -22.514018, 117.15514 -22.514146, 117.155059 -22.514577, 117.154826 -22.514578))"
Intersection 186,481221.81536655355,7514184.20739953,2.0,3.0,31.0,4.0,CENTERLINE_GRAPH,,"POLYGON ((116.817276 -22.478962, 116.81704 -22.478386, 116.81715 -22.478227, 116.817199 -22.478227, 116.817961 -22.478576, 116.817972 -22.478585, 116.817879 -22.478761, 116.817509 -22.478962, 116.817276 -22.478962))"
Intersection 187,480665.9668768806,7514519.9886821145,3.0,3.0,31.0,4.0,CENTERLINE_GRAPH,,"POLYGON ((116.812079 -22.475932, 116.811787 -22.475921, 116.811788 -22.4758, 116.811934 -22.475167, 116.812104 -22.475063, 116.812133 -22.475091, 116.812182 -22.475181, 116.812216 -22.475258, 116.812264 -22.475439, 116.812312 -22.4758, 116.812312 -22.475932, 116.812079 -22.475932))"
Intersection 188,482314.59766715084,7514060.031694514,3.0,3.0,31.0,4.0,CENTERLINE_GRAPH,,"POLYGON ((116.828052 -22.480201, 116.82787 -22.480109, 116.827695 -22.479856, 116.827696 -22.479639, 116.827822 -22.479476, 116.828383 -22.479408, 116.828548 -22.479561, 116.828507 -22.479671, 116.828069 -22.480186, 116.828052 -22.480201))"
Intersection 189,485934.9523424905,7513662.888020473,3.0,3.0,31.0,4.0,CENTERLINE_GRAPH,,"POLYGON ((116.863401 -22.483833, 116.863202 -22.483814, 116.86296 -22.483214, 116.86296 -22.483107, 116.86342 -22.482928, 116.863451 -22.482957, 116.863485 -22.483034, 116.863484 -22.483711, 116.86345 -22.483788, 116.863435 -22.483814, 116.863401 -22.483833))"
Intersection 191,491018.2867622372,7512587.709647008,3.0,3.0,31.0,4.0,CENTERLINE_GRAPH,,"POLYGON ((116.912794 -22.49343, 116.912454 -22.493385, 116.912337 -22.493366, 116.912226 -22.493339, 116.912226 -22.493122, 116.912746 -22.492716, 116.912843 -22.492671, 116.912877 -22.492671, 116.91296 -22.49278, 116.913032 -22.493213, 116.913031 -22.49343, 116.912794 -22.49343))"
Intersection 192,512647.5746428443,7510608.072609882,3.0,3.0,31.0,4.0,CENTERLINE_GRAPH,,"POLYGON ((117.122546 -22.511204, 117.122527 -22.511019, 117.122541 -22.51087, 117.12259 -22.51075, 117.122624 -22.510748, 117.123124 -22.510738, 117.123358 -22.510738, 117.123418 -22.510986, 117.123418 -22.511203, 117.122546 -22.511204))"
Intersection 195,481384.343248622,7514161.4262318835,2.0,3.0,30.0,4.0,CENTERLINE_GRAPH,,"POLYGON ((116.819025 -22.479262, 116.818687 -22.478897, 116.818687 -22.47868, 116.819143 -22.478365, 116.819191 -22.478365, 116.819308 -22.478457, 116.819308 -22.478473, 116.819258 -22.479263, 116.819025 -22.479262))"
Intersection 196,479282.5825091311,7515084.881027063,3.0,3.0,30.0,4.0,CENTERLINE_GRAPH,,"POLYGON ((116.798531 -22.470892, 116.798332 -22.470839, 116.798317 -22.470291, 116.798317 -22.470074, 116.798401 -22.470074, 116.799049 -22.470255, 116.799049 -22.470472, 116.798531 -22.470892))"
Intersection 199,484693.74693640426,7513000.556249543,2.0,3.0,30.0,4.0,CENTERLINE_GRAPH,,"POLYGON ((116.851501 -22.489726, 116.851419 -22.489695, 116.850755 -22.489409, 116.850739 -22.489378, 116.850755 -22.489193, 116.851045 -22.48903, 116.851278 -22.489031, 116.851502 -22.489148, 116.851584 -22.489541, 116.851531 -22.489726, 116.851501 -22.489726))"
Intersection 200,486228.15947496553,7513238.789823938,5.0,3.0,30.0,4.0,CENTERLINE_GRAPH,,"POLYGON ((116.866329 -22.487616, 116.866164 -22.487553, 116.866005 -22.487462, 116.865707 -22.487164, 116.865707 -22.486947, 116.866184 -22.486812, 116.866232 -22.486812, 116.866335 -22.486978, 116.866494 -22.487508, 116.866494 -22.487553, 116.866433 -22.487616, 116.866329 -22.487616))"
Intersection 201,515446.32220719184,7509974.297879463,2.0,3.0,30.0,4.0,CENTERLINE_GRAPH,,"POLYGON ((117.150473 -22.517098, 117.149807 -22.516841, 117.14971 -22.516751, 117.150064 -22.516292, 117.15018 -22.516203, 117.150229 -22.516203, 117.150346 -22.516312, 117.15036 -22.516325, 117.150394 -22.516402, 117.150589 -22.516944, 117.150589 -22.516989, 117.150532 -22.517097, 117.150473 -22.517098))"
Intersection 203,481633.73077597155,7513375.462796286,4.0,3.0,29.0,4.0,CENTERLINE_GRAPH,,"POLYGON ((116.8213 -22.48624, 116.821052 -22.486037, 116.820961 -22.485928, 116.820961 -22.485883, 116.821077 -22.485775, 116.821758 -22.48564, 116.821905 -22.48564, 116.821904 -22.485857, 116.821534 -22.486241, 116.8213 -22.48624))"
Intersection 204,482201.45659374434,7512174.23774673,1.0,3.0,29.0,4.0,CENTERLINE_GRAPH,,"POLYGON ((116.827025 -22.497184, 116.826519 -22.496748, 116.826488 -22.496685, 116.826488 -22.496639, 116.826519 -22.496531, 116.826605 -22.496531, 116.82738 -22.496577, 116.82738 -22.496794, 116.82719 -22.497031, 116.827025 -22.497184))"
Intersection 206,482219.75144992635,7513811.586470363,2.0,3.0,29.0,4.0,CENTERLINE_GRAPH,,"POLYGON ((116.826847 -22.482231, 116.82672 -22.482158, 116.826604 -22.48205, 116.826604 -22.482005, 116.826699 -22.481896, 116.827236 -22.481699, 116.827469 -22.481699, 116.827648 -22.482037, 116.827547 -22.482204, 116.82708 -22.482231, 116.826847 -22.482231))"
Intersection 207,483086.43207387783,7513241.203296323,1.0,3.0,29.0,4.0,CENTERLINE_GRAPH,,"POLYGON ((116.835609 -22.487543, 116.835478 -22.487466, 116.835429 -22.487421, 116.835381 -22.48733, 116.835235 -22.487014, 116.835201 -22.486937, 116.835201 -22.48678, 116.835435 -22.48678, 116.835898 -22.48701, 116.835898 -22.487227, 116.835886 -22.487466, 116.835837 -22.487511, 116.835755 -22.487543, 116.835609 -22.487543))"
Intersection 208,484481.5512951718,7513499.182301849,1.0,3.0,29.0,4.0,CENTERLINE_GRAPH+MANUAL_MOVE,MOVE,"POLYGON ((116.849028 -22.485206, 116.848862 -22.485099, 116.848747 -22.4848, 116.848747 -22.484583, 116.848882 -22.484584, 116.849608 -22.484629, 116.849608 -22.484846, 116.849028 -22.485206))"
Intersection 209,485313.9959577623,7512854.196460671,6.0,3.0,29.0,4.0,CENTERLINE_GRAPH,,"POLYGON ((116.857216 -22.49103, 116.856775 -22.490725, 116.856776 -22.490508, 116.857528 -22.490328, 116.85759 -22.490328, 116.85761 -22.490513, 116.85745 -22.49103, 116.857216 -22.49103))"
Intersection 210,485815.5037699518,7513118.110161214,3.0,3.0,29.0,4.0,CENTERLINE_GRAPH,,"POLYGON ((116.862439 -22.488652, 116.861736 -22.488516, 116.861642 -22.488407, 116.861642 -22.488362, 116.861934 -22.487876, 116.862134 -22.487834, 116.862182 -22.48788, 116.86244 -22.488254, 116.862507 -22.488363, 116.862556 -22.488453, 116.862556 -22.488544, 116.862473 -22.488652, 116.862439 -22.488652))"
Intersection 213,517503.53936680837,7509924.167683479,1.0,3.0,29.0,4.0,CENTERLINE_GRAPH,,"POLYGON ((117.169821 -22.51744, 117.16974 -22.517255, 117.169997 -22.516754, 117.170231 -22.516754, 117.170649 -22.517041, 117.170717 -22.51715, 117.170717 -22.517195, 117.170601 -22.517303, 117.169823 -22.51744, 117.169821 -22.51744))"
Intersection 215,484351.7480023247,7518434.727855295,2.0,3.0,28.0,4.0,CENTERLINE_GRAPH,,"POLYGON ((116.84789 -22.44065, 116.847572 -22.440397, 116.847572 -22.44018, 116.848022 -22.439806, 116.848221 -22.439848, 116.848221 -22.439883, 116.848123 -22.44065, 116.84789 -22.44065))"
Intersection 216,485007.0712519479,7512886.577220492,12.0,3.0,28.0,4.0,CENTERLINE_GRAPH+MANUAL_MOVE,MOVE,"POLYGON ((116.853976 -22.490722, 116.853726 -22.490435, 116.853729 -22.49043, 116.854349 -22.489943, 116.854583 -22.489943, 116.854584 -22.490481, 116.854582 -22.490569, 116.854465 -22.490678, 116.854368 -22.490723, 116.853976 -22.490722))"
Intersection 218,505826.4346306961,7510243.85136306,1.0,3.0,28.0,4.0,CENTERLINE_GRAPH+MANUAL_MOVE,MOVE,"POLYGON ((117.056493 -22.514674, 117.056376 -22.514568, 117.056253 -22.514267, 117.056253 -22.51405, 117.05659 -22.51405, 117.057125 -22.514095, 117.057125 -22.514312, 117.056624 -22.514642, 117.056542 -22.514674, 117.056493 -22.514674))"
Intersection 219,505718.24359586765,7510252.309858197,1.0,3.0,28.0,4.0,CENTERLINE_GRAPH+MANUAL_MOVE,MOVE,"POLYGON ((117.055667 -22.514629, 117.055143 -22.514177, 117.055143 -22.51396, 117.055229 -22.51396, 117.056004 -22.514005, 117.056004 -22.514222, 117.055832 -22.514542, 117.055715 -22.514629, 117.055667 -22.514629))"
Intersection 220,512198.11238771304,7510885.135293075,4.0,3.0,28.0,4.0,CENTERLINE_GRAPH+MANUAL_MOVE,MOVE,"POLYGON ((117.118456 -22.508836, 117.118198 -22.508587, 117.118115 -22.508479, 117.118115 -22.508434, 117.118232 -22.508325, 117.118654 -22.508176, 117.11878 -22.508173, 117.119045 -22.508189, 117.119045 -22.508406, 117.118689 -22.508835, 117.118456 -22.508836))"
Intersection 222,485289.608000759,7512676.68786344,10.0,4.0,27.0,4.0,CENTERLINE_GRAPH+MANUAL_MOVE,MOVE,"POLYGON ((116.857034 -22.49266, 116.856631 -22.49255, 116.856631 -22.492468, 116.856826 -22.491829, 116.856906 -22.491728, 116.856943 -22.491728, 116.85706 -22.491829, 116.857365 -22.492437, 116.857399 -22.492514, 116.857399 -22.492551, 116.857034 -22.49266))"
Intersection 224,481759.47821518686,7511076.6802924145,1.0,3.0,27.0,4.0,CENTERLINE_GRAPH,,"POLYGON ((116.822502 -22.507048, 116.82246 -22.507042, 116.822337 -22.506895, 116.822232 -22.506559, 116.822312 -22.506374, 116.822315 -22.506374, 116.823141 -22.506555, 116.823141 -22.506772, 116.822502 -22.507048))"
Intersection 225,482073.91517396295,7513255.979419537,1.0,3.0,27.0,4.0,CENTERLINE_GRAPH,,"POLYGON ((116.82535 -22.487351, 116.825319 -22.487166, 116.825529 -22.486666, 116.825762 -22.486667, 116.826177 -22.48691, 116.826213 -22.487095, 116.826165 -22.48714, 116.826082 -22.487171, 116.825401 -22.487351, 116.82535 -22.487351))"
Intersection 227,491367.974253584,7512992.000959826,2.0,3.0,27.0,4.0,CENTERLINE_GRAPH,,"POLYGON ((116.916329 -22.489758, 116.915616 -22.489592, 116.915533 -22.48956, 116.91551 -22.489539, 116.915616 -22.489375, 116.91629 -22.489156, 116.916462 -22.489258, 116.916494 -22.489605, 116.916329 -22.489758))"
Intersection 230,482363.5488593887,7511429.036897469,2.0,3.0,26.0,4.0,CENTERLINE_GRAPH,,"POLYGON ((116.82857 -22.503871, 116.828058 -22.50357, 116.828058 -22.503353, 116.828668 -22.503205, 116.828901 -22.503206, 116.828901 -22.503372, 116.828803 -22.503872, 116.82857 -22.503871))"
Intersection 233,482682.2044559924,7513391.717133297,2.0,3.0,26.0,4.0,CENTERLINE_GRAPH,,"POLYGON ((116.831557 -22.486209, 116.831258 -22.485731, 116.831258 -22.485515, 116.831917 -22.48547, 116.832014 -22.48547, 116.832013 -22.485687, 116.83179 -22.48621, 116.831557 -22.486209))"
Intersection 236,483975.127436667,7513503.1079611005,1.0,3.0,26.0,4.0,CENTERLINE_GRAPH,,"POLYGON ((116.844098 -22.485139, 116.843789 -22.48475, 116.84379 -22.484534, 116.843973 -22.484534, 116.84465 -22.48458, 116.84465 -22.484796, 116.844332 -22.485139, 116.844098 -22.485139))"
Intersection 238,485607.44258338097,7512978.414834791,2.0,3.0,26.0,4.0,CENTERLINE_GRAPH,,"POLYGON ((116.860041 -22.489945, 116.859678 -22.489779, 116.859634 -22.489594, 116.859682 -22.489549, 116.860071 -22.489278, 116.860217 -22.489188, 116.860349 -22.489111, 116.860397 -22.489111, 116.860465 -22.489219, 116.860483 -22.489293, 116.860221 -22.489852, 116.860105 -22.489915, 116.860041 -22.489945))"
Intersection 241,482045.78500069265,7511773.348734817,1.0,3.0,25.0,4.0,CENTERLINE_GRAPH,,"POLYGON ((116.825336 -22.500812, 116.825219 -22.500725, 116.824977 -22.500161, 116.824977 -22.500156, 116.825094 -22.500053, 116.825191 -22.500053, 116.825823 -22.500234, 116.825905 -22.500266, 116.825954 -22.500311, 116.825917 -22.500496, 116.825385 -22.500812, 116.825336 -22.500812))"
Intersection 242,482167.45391882525,7511479.538507731,8.0,3.0,25.0,4.0,CENTERLINE_GRAPH+MANUAL_MOVE,MOVE,"POLYGON ((116.82684 -22.503343, 116.826245 -22.503207, 116.826223 -22.503022, 116.826238 -22.502842, 116.826338 -22.502719, 116.826463 -22.50268, 116.827098 -22.503127, 116.827098 -22.503343, 116.82684 -22.503343))"
Intersection 243,482214.0735898829,7514243.948485813,2.0,3.0,25.0,4.0,CENTERLINE_GRAPH,,"POLYGON ((116.826787 -22.478454, 116.826706 -22.478346, 116.826706 -22.478301, 116.82674 -22.478224, 116.827178 -22.477637, 116.827204 -22.477613, 116.827377 -22.477714, 116.827406 -22.477922, 116.827406 -22.478139, 116.827279 -22.478346, 116.826822 -22.478454, 116.826787 -22.478454))"
Intersection 245,482633.54891763156,7514451.144424707,1.0,3.0,25.0,4.0,CENTERLINE_GRAPH,,"POLYGON ((116.831539 -22.476472, 116.830836 -22.476426, 116.830833 -22.475995, 116.830957 -22.475848, 116.830998 -22.475842, 116.831136 -22.475925, 116.83167 -22.476287, 116.831703 -22.476318, 116.831588 -22.476472, 116.831539 -22.476472))"
Intersection 263,482056.4816285057,7514726.3425278105,1.0,3.0,23.0,4.0,CENTERLINE_GRAPH+MANUAL_MOVE,MOVE,"POLYGON ((116.825758 -22.474162, 116.825273 -22.473891, 116.82516 -22.473733, 116.825497 -22.473288, 116.82573 -22.473289, 116.825924 -22.474054, 116.825924 -22.474075, 116.825807 -22.474162, 116.825758 -22.474162))"
Intersection 270,512027.17915946775,7510855.433063055,1.0,3.0,23.0,4.0,CENTERLINE_GRAPH,,"POLYGON ((117.11656 -22.50907, 117.11656 -22.508977, 117.116608 -22.508841, 117.116642 -22.508765, 117.116657 -22.508751, 117.116773 -22.508643, 117.116788 -22.508629, 117.116919 -22.508552, 117.117114 -22.508462, 117.117259 -22.508416, 117.117262 -22.508416, 117.117376 -22.508525, 117.117376 -22.50857, 117.11726 -22.508678, 117.116793 -22.50907, 117.11656 -22.50907))"
Intersection 272,513304.9893392658,7511203.036031907,8.0,3.0,23.0,4.0,CENTERLINE_GRAPH+MANUAL_MOVE,MOVE,"POLYGON ((117.129075 -22.506015, 117.12897 -22.505821, 117.129391 -22.505263, 117.129549 -22.505149, 117.12959 -22.505186, 117.129624 -22.505263, 117.129687 -22.50543, 117.129673 -22.505534, 117.129661 -22.505621, 117.129612 -22.505666, 117.129445 -22.505792, 117.12925 -22.505927, 117.129123 -22.505993, 117.129075 -22.506015))"
Intersection 275,512641.8394565893,7511127.878943077,2.0,5.0,22.0,4.0,CENTERLINE_GRAPH+MANUAL_MOVE,MOVE,"POLYGON ((117.122781 -22.506691, 117.122605 -22.506416, 117.122568 -22.50632, 117.122605 -22.506199, 117.122642 -22.506114, 117.122863 -22.505824, 117.122881 -22.505807, 117.123062 -22.505901, 117.123237 -22.506199, 117.123237 -22.506415, 117.123014 -22.506691, 117.122781 -22.506691))"
Intersection 278,481956.630388129,7511425.793011021,5.0,3.0,22.0,4.0,CENTERLINE_GRAPH+MANUAL_MOVE,MOVE,"POLYGON ((116.8243 -22.503802, 116.824146 -22.503683, 116.824135 -22.503649, 116.82415 -22.503593, 116.824279 -22.503413, 116.82439 -22.503322, 116.824623 -22.503323, 116.825022 -22.503395, 116.825021 -22.503612, 116.8243 -22.503802))"
Intersection 283,513250.04567207105,7510516.883142907,1.0,3.0,22.0,4.0,CENTERLINE_GRAPH+MANUAL_MOVE,MOVE,"POLYGON ((117.129222 -22.512057, 117.129028 -22.512012, 117.128882 -22.511967, 117.128799 -22.511935, 117.128605 -22.511845, 117.128493 -22.511787, 117.128361 -22.51171, 117.12836 -22.511708, 117.128376 -22.511633, 117.128444 -22.511525, 117.128492 -22.511525, 117.129256 -22.511827, 117.129304 -22.511872, 117.129245 -22.512057, 117.129222 -22.512057))"
Intersection 301,516143.86193958117,7509666.692931364,1.0,3.0,21.0,4.0,CENTERLINE_GRAPH+MANUAL_MOVE,MOVE,"POLYGON ((117.157024 -22.519589, 117.156796 -22.519576, 117.156601 -22.519531, 117.156519 -22.519499, 117.156479 -22.519462, 117.156601 -22.519314, 117.156644 -22.519309, 117.156796 -22.519314, 117.157428 -22.519358, 117.157428 -22.519575, 117.157024 -22.519589))"
Intersection 326,515944.2994799986,7510535.944267917,3.0,5.0,16.0,4.0,CENTERLINE_GRAPH+MANUAL_MOVE,MOVE,"POLYGON ((117.155142 -22.511905, 117.155134 -22.511899, 117.155017 -22.51179, 117.15476 -22.511551, 117.154738 -22.511478, 117.154774 -22.511429, 117.154939 -22.511324, 117.155003 -22.511352, 117.155134 -22.511444, 117.155307 -22.511752, 117.155183 -22.511899, 117.155142 -22.511905))"
Intersection 339,480017.90627368196,7514148.882245488,4.0,3.0,32.0,3.0,CENTERLINE_GRAPH,,"POLYGON ((116.805979 -22.479297, 116.805466 -22.479243, 116.805466 -22.479026, 116.805495 -22.47862, 116.805582 -22.478439, 116.805679 -22.478439, 116.80581 -22.478516, 116.805859 -22.478562, 116.805941 -22.478684, 116.806144 -22.479144, 116.806018 -22.479289, 116.805979 -22.479297))"
Intersection 340,512737.9104210872,7510612.569347027,2.0,3.0,31.0,3.0,CENTERLINE_GRAPH+MANUAL_MOVE,MOVE,"POLYGON ((117.123582 -22.511248, 117.123471 -22.511203, 117.123465 -22.51114, 117.123465 -22.511095, 117.12347 -22.510986, 117.123659 -22.510541, 117.123892 -22.51054, 117.124293 -22.510941, 117.124294 -22.511157, 117.123776 -22.511248, 117.123582 -22.511248))"
Intersection 341,483133.3901838312,7513486.8325900445,5.0,4.0,30.0,3.0,CENTERLINE_GRAPH,,"POLYGON ((116.835709 -22.485284, 116.835641 -22.485221, 116.835616 -22.485109, 116.835912 -22.484435, 116.836044 -22.484422, 116.836445 -22.484978, 116.836506 -22.485086, 116.836506 -22.485176, 116.836444 -22.485195, 116.835855 -22.485285, 116.835709 -22.485284))"
Intersection 342,482823.84274476755,7515767.31749756,2.0,3.0,30.0,3.0,CENTERLINE_GRAPH,,"POLYGON ((116.832749 -22.46471, 116.832749 -22.46453, 116.832798 -22.463931, 116.833032 -22.463931, 116.833448 -22.464242, 116.833448 -22.464459, 116.832982 -22.46471, 116.832749 -22.46471))"
Intersection 345,480989.61513633985,7514302.673177422,1.0,3.0,28.0,3.0,CENTERLINE_GRAPH,,"POLYGON ((116.815138 -22.477879, 116.814719 -22.4774, 116.814818 -22.477231, 116.814916 -22.477231, 116.81511 -22.477276, 116.815642 -22.477412, 116.815641 -22.477629, 116.815372 -22.477879, 116.815138 -22.477879))"
Intersection 353,481973.6943381236,7511355.726784559,2.0,3.0,23.0,3.0,CENTERLINE_GRAPH,,"POLYGON ((116.824651 -22.504605, 116.824534 -22.504554, 116.824534 -22.504497, 116.824632 -22.504, 116.824681 -22.503755, 116.824914 -22.503755, 116.824914 -22.504, 116.824865 -22.504271, 116.824816 -22.504497, 116.824767 -22.504554, 116.824699 -22.504606, 116.824651 -22.504605))"
Intersection 500,482425.78500069276,7511693.348734817,1.0,3.0,25.0,4.0,MANUAL_COPY,COPY,"POLYGON ((116.82903 -22.501539, 116.828913 -22.501451, 116.828671 -22.500888, 116.828671 -22.500883, 116.828787 -22.50078, 116.828885 -22.50078, 116.829516 -22.500961, 116.829599 -22.500993, 116.829647 -22.501038, 116.82961 -22.501223, 116.829078 -22.501539, 116.82903 -22.501539))"
Intersection 501,482267.4539188252,7511459.538507732,8.0,3.0,25.0,4.0,MANUAL_COPY,COPY,"POLYGON ((116.827812 -22.503525, 116.827217 -22.503389, 116.827195 -22.503204, 116.82721 -22.503023, 116.82731 -22.5029, 116.827435 -22.502861, 116.82807 -22.503308, 116.82807 -22.503525, 116.827812 -22.503525))"
Intersection 502,518263.53936680837,7510074.1676834775,1.0,3.0,29.0,4.0,MANUAL_COPY,COPY,"POLYGON ((117.177209 -22.516077, 117.177129 -22.515892, 117.177385 -22.515391, 117.177619 -22.515391, 117.178037 -22.515678, 117.178106 -22.515787, 117.178106 -22.515832, 117.177989 -22.51594, 117.177211 -22.516077, 117.177209 -22.516077))"
Intersection 503,515974.2127176489,7509634.5159185305,34.0,4.0,28.0,5.0,MANUAL_COPY,COPY,"POLYGON ((117.155124 -22.519966, 117.15497 -22.519962, 117.154881 -22.519872, 117.154881 -22.519831, 117.155026 -22.519605, 117.155467 -22.519488, 117.155694 -22.51954, 117.155762 -22.519767, 117.155684 -22.519858, 117.155357 -22.519966, 117.155124 -22.519966))"
Intersection 504,516054.212717649,7509648.51591853,34.0,4.0,28.0,5.0,MANUAL_COPY,COPY,"POLYGON ((117.155902 -22.519839, 117.155748 -22.519834, 117.155658 -22.519744, 117.155658 -22.519703, 117.155804 -22.519477, 117.156245 -22.51936, 117.156471 -22.519413, 117.15654 -22.51964, 117.156462 -22.51973, 117.156135 -22.519838, 117.155902 -22.519839))"
Intersection 505,515594.8313345947,7509875.389070393,2.0,3.0,26.0,6.0,MANUAL_COPY,COPY,"POLYGON ((117.151378 -22.517981, 117.151314 -22.517381, 117.151338 -22.517196, 117.151397 -22.517196, 117.151932 -22.517331, 117.15206 -22.517376, 117.152063 -22.517408, 117.15206 -22.517593, 117.151611 -22.517981, 117.151378 -22.517981))"
Intersection 506,515519.83133459475,7509905.3890703935,2.0,3.0,26.0,6.0,MANUAL_COPY,COPY,"POLYGON ((117.150648 -22.51771, 117.150585 -22.517111, 117.150608 -22.516926, 117.150667 -22.516926, 117.151202 -22.517061, 117.15133 -22.517106, 117.151333 -22.517137, 117.151331 -22.517323, 117.150882 -22.51771, 117.150648 -22.51771))"
Intersection 507,514624.57709441107,7510173.084057072,3.0,4.0,25.0,5.0,MANUAL_COPY,COPY,"POLYGON ((117.142089 -22.515145, 117.141759 -22.514892, 117.141748 -22.514829, 117.141748 -22.514784, 117.141759 -22.514675, 117.141865 -22.514675, 117.142625 -22.51472, 117.142625 -22.514937, 117.142557 -22.515059, 117.142515 -22.515078, 117.14234 -22.51514, 117.142322 -22.515145, 117.142089 -22.515145))"
Intersection 508,513090.0456720711,7510616.883142908,1.0,3.0,22.0,4.0,MANUAL_COPY,COPY,"POLYGON ((117.127665 -22.511155, 117.127471 -22.51111, 117.127325 -22.511065, 117.127243 -22.511033, 117.127048 -22.510943, 117.126936 -22.510884, 117.126805 -22.510808, 117.126803 -22.510806, 117.126819 -22.510731, 117.126887 -22.510622, 117.126936 -22.510622, 117.127699 -22.510925, 117.127748 -22.51097, 117.127689 -22.511155, 117.127665 -22.511155))"
Intersection 509,513017.04371321463,7510971.54640012,7.0,3.0,35.0,6.0,MANUAL_COPY,COPY,"POLYGON ((117.126416 -22.50819, 117.126298 -22.508163, 117.126271 -22.508151, 117.12617 -22.507357, 117.126218 -22.507312, 117.126657 -22.507265, 117.126855 -22.507343, 117.127068 -22.507721, 117.126933 -22.507858, 117.126578 -22.508143, 117.126496 -22.508174, 117.126416 -22.50819))"
Intersection 510,512229.6219839369,7510656.289066494,33.0,4.0,33.0,5.0,MANUAL_COPY,COPY,"POLYGON ((117.119046 -22.510949, 117.118846 -22.510915, 117.118457 -22.510743, 117.118443 -22.510678, 117.118506 -22.510493, 117.118651 -22.510133, 117.118885 -22.510133, 117.119369 -22.510402, 117.119369 -22.510619, 117.119323 -22.510737, 117.119046 -22.510949))"
Intersection 511,512462.2761309458,7510609.375703549,25.0,3.0,31.0,5.0,MANUAL_COPY,COPY,"POLYGON ((117.121136 -22.511444, 117.120937 -22.511373, 117.120719 -22.511025, 117.120719 -22.510808, 117.121034 -22.5106, 117.121203 -22.510495, 117.121572 -22.510762, 117.121653 -22.510844, 117.121697 -22.511007, 117.121136 -22.511444))"
Intersection 512,512348.112387713,7510885.135293075,4.0,3.0,28.0,4.0,MANUAL_COPY,COPY,"POLYGON ((117.119914 -22.508835, 117.119657 -22.508586, 117.119574 -22.508478, 117.119573 -22.508433, 117.11969 -22.508324, 117.120113 -22.508175, 117.120238 -22.508172, 117.120503 -22.508188, 117.120503 -22.508405, 117.120147 -22.508834, 117.119914 -22.508835))"
Intersection 513,512508.11238771304,7510885.135293075,4.0,3.0,28.0,4.0,MANUAL_COPY,COPY,"POLYGON ((117.12147 -22.508833, 117.121212 -22.508585, 117.121129 -22.508477, 117.121129 -22.508432, 117.121246 -22.508323, 117.121668 -22.508174, 117.121794 -22.508171, 117.122059 -22.508187, 117.122059 -22.508404, 117.121703 -22.508833, 117.12147 -22.508833))"
Intersection 514,512512.2761309459,7510759.375703549,25.0,3.0,31.0,5.0,MANUAL_COPY,COPY,"POLYGON ((117.121621 -22.510089, 117.121422 -22.510018, 117.121204 -22.509669, 117.121204 -22.509452, 117.121519 -22.509244, 117.121688 -22.50914, 117.122057 -22.509407, 117.122138 -22.509489, 117.122182 -22.509652, 117.121621 -22.510089))"
Intersection 515,483000.59907875117,7512702.155613906,14.0,4.0,41.0,5.0,MANUAL_COPY,COPY,"POLYGON ((116.834777 -22.492511, 116.834354 -22.492162, 116.834257 -22.492072, 116.834211 -22.492029, 116.83427 -22.491908, 116.834632 -22.491571, 116.83468 -22.491571, 116.834968 -22.491673, 116.8352 -22.492055, 116.835147 -22.49224, 116.834777 -22.492511))"
Intersection 516,482015.9849537246,7513905.110061754,26.0,5.0,64.0,5.0,MANUAL_COPY,COPY,"POLYGON ((116.825248 -22.481628, 116.825049 -22.481582, 116.824651 -22.481199, 116.824682 -22.481073, 116.825009 -22.480726, 116.825215 -22.480675, 116.825269 -22.480675, 116.825425 -22.480751, 116.825541 -22.480888, 116.825575 -22.480965, 116.825611 -22.481097, 116.825623 -22.481145, 116.825623 -22.481236, 116.825589 -22.481344, 116.825459 -22.481487, 116.82538 -22.481543, 116.825248 -22.481628))"
Intersection 517,482409.57353613107,7514150.844800619,3.0,3.0,28.0,5.0,MANUAL_COPY,COPY,"POLYGON ((116.829196 -22.479255, 116.828668 -22.479179, 116.828552 -22.47916, 116.828552 -22.479071, 116.828635 -22.478949, 116.828975 -22.478497, 116.829041 -22.478437, 116.829206 -22.47859, 116.829413 -22.479181, 116.829414 -22.479182, 116.829196 -22.479255))"
Intersection 518,482411.42778276495,7513773.033699364,5.0,3.0,32.0,4.0,MANUAL_COPY,COPY,"POLYGON ((116.829393 -22.482658, 116.828569 -22.482522, 116.828499 -22.482458, 116.828499 -22.482413, 116.828569 -22.482305, 116.828942 -22.481976, 116.829248 -22.482034, 116.829476 -22.482473, 116.8294 -22.482658, 116.829393 -22.482658))"
Intersection 519,482769.5735361312,7513820.84480062,3.0,3.0,28.0,5.0,MANUAL_COPY,COPY,"POLYGON ((116.832692 -22.48224, 116.832164 -22.482164, 116.832048 -22.482145, 116.832048 -22.482055, 116.832131 -22.481934, 116.832471 -22.481482, 116.832537 -22.481422, 116.832702 -22.481575, 116.832909 -22.482166, 116.832909 -22.482167, 116.832692 -22.48224))"
Intersection 520,484881.55129517184,7512879.182301848,1.0,3.0,29.0,4.0,MANUAL_COPY,COPY,"POLYGON ((116.852911 -22.490811, 116.852745 -22.490703, 116.85263 -22.490405, 116.85263 -22.490188, 116.852765 -22.490188, 116.853491 -22.490234, 116.85349 -22.490451, 116.852911 -22.490811))"
Intersection 521,485008.51375129033,7512964.123928498,25.0,3.0,56.0,4.0,MANUAL_COPY,COPY,"POLYGON ((116.853883 -22.489954, 116.853766 -22.489846, 116.853766 -22.489665, 116.853815 -22.48953, 116.85386 -22.489421, 116.854515 -22.489377, 116.854612 -22.489377, 116.854695 -22.489409, 116.854743 -22.489454, 116.854663 -22.489955, 116.853883 -22.489954))"
Intersection 522,502350.687776029,7510238.9342746865,16.0,3.0,40.0,4.0,MANUAL_COPY,COPY,"POLYGON ((117.022865 -22.514831, 117.02244 -22.514546, 117.02244 -22.51433, 117.022442 -22.514086, 117.022525 -22.514013, 117.022656 -22.513968, 117.022996 -22.513923, 117.023113 -22.513923, 117.023274 -22.51442, 117.023274 -22.514637, 117.023064 -22.51477, 117.022865 -22.514831))"
